{"adult":false,"backdrop_path":null,"belongs_to_collection":null,"budget":0,"genres":[{"id":35,"name":"Comedy"}],"homepage":"","id":5757,"imdb_id":"tt0113756","original_language":"en","original_title":"Man of the Year","overview":"First-time director Dirk Shafer also penned this raucous \"mockumentary,\" a blend of fact and fiction that re-creates his 1992 reign as Playgirl magazine's Centerfold of the Year. When Shafer chooses to keep the fact that he's gay a secret from the magazine's editors, he finds himself living the ultimate lie -- and incapable of giving female readers what they really want. Will he succumb to his lover's pressures to come out of the closet?","popularity":1.626,"poster_path":"/jVO3Gvsdqe5C9Jr7cE1fSOtW2Op.jpg","production_companies":[],"production_countries":[{"iso_3166_1":"US","name":"United States of America"}],"release_date":"1995-09-15","revenue":209935,"runtime":86,"spoken_languages":[{"iso_639_1":"en","name":"English"}],"status":"Released","tagline":"He as a centerfold who revealed everything ... but the truth.","title":"Man of the Year","video":false,"vote_average":3.8,"vote_count":2}