{"adult":false,"backdrop_path":null,"belongs_to_collection":null,"budget":8000,"genres":[{"id":35,"name":"Comedy"}],"homepage":"","id":720132,"imdb_id":"tt4980882","original_language":"en","original_title":"Hobbes & Phil V.S. Zombies","overview":"Hobbes and Phil must overcome a horde of zombies, a group of mercenaries, and each other in order to save the world.","popularity":0.6,"poster_path":null,"production_companies":[],"production_countries":[{"iso_3166_1":"US","name":"United States of America"}],"release_date":"","revenue":0,"runtime":107,"spoken_languages":[],"status":"Released","tagline":"Saving the world one six pack at a time.","title":"Hobbes & Phil V.S. Zombies","video":false,"vote_average":8.0,"vote_count":1}