{"adult":false,"backdrop_path":null,"belongs_to_collection":null,"budget":0,"genres":[{"id":18,"name":"Drama"},{"id":53,"name":"Thriller"}],"homepage":"","id":5184,"imdb_id":"","original_language":"de","original_title":"Contergan","overview":"","popularity":1.348,"poster_path":"/1cMlfqJpZFsIgivRr8YrkELfcjR.jpg","production_companies":[],"production_countries":[{"iso_3166_1":"DE","name":"Germany"}],"release_date":"2007-11-07","revenue":0,"runtime":180,"spoken_languages":[{"iso_639_1":"de","name":"Deutsch"}],"status":"Released","tagline":"","title":"Contergan","video":false,"vote_average":6.3,"vote_count":6}