{"adult":false,"backdrop_path":null,"belongs_to_collection":null,"budget":0,"genres":[],"homepage":"","id":721373,"imdb_id":null,"original_language":"fr","original_title":"J’ai aimé vivre là","overview":"In a new town, somewhere in the suburbs of Paris, intimate stories meet the writings of the famous writer Annie Ernaux : is living in harmony a utopia, or could it be actual and overcome the paradoxes of society to welcome foreigners.","popularity":0.613,"poster_path":null,"production_companies":[],"production_countries":[],"release_date":"","revenue":0,"runtime":90,"spoken_languages":[],"status":"Post Production","tagline":"","title":"J’ai aimé vivre là","video":false,"vote_average":0.0,"vote_count":0}