{"adult":false,"backdrop_path":null,"belongs_to_collection":null,"budget":0,"genres":[{"id":53,"name":"Thriller"}],"homepage":"","id":2991,"imdb_id":"tt0070031","original_language":"es","original_title":"La encadenada","overview":"A beautiful young woman sets her sights on an aging millionaire. She seduces him, and moves into his mansion with him. She soon tires of him, though, and after she gets rid of him, she goes after his son.","popularity":2.138,"poster_path":"/iJBevDCmOyohUEPXhyvN0xYdW2j.jpg","production_companies":[{"id":28535,"logo_path":null,"name":"Emaus Films S.A.","origin_country":""},{"id":1465,"logo_path":null,"name":"Metheus Film","origin_country":"IT"}],"production_countries":[{"iso_3166_1":"IT","name":"Italy"},{"iso_3166_1":"ES","name":"Spain"}],"release_date":"1975-05-04","revenue":0,"runtime":95,"spoken_languages":[{"iso_639_1":"es","name":"Español"},{"iso_639_1":"en","name":"English"}],"status":"Released","tagline":"","title":"A Diary of a Murderess","video":false,"vote_average":7.2,"vote_count":3}