{"adult":false,"backdrop_path":null,"belongs_to_collection":null,"budget":0,"genres":[{"id":53,"name":"Thriller"}],"homepage":"","id":2092,"imdb_id":"tt0418329","original_language":"en","original_title":"Wish You Were Here","overview":"A man desperately searches for his girlfriend on the Costa del Sol.","popularity":1.123,"poster_path":null,"production_companies":[{"id":937,"logo_path":null,"name":"Versatile Film","origin_country":""}],"production_countries":[{"iso_3166_1":"DE","name":"Germany"},{"iso_3166_1":"ES","name":"Spain"},{"iso_3166_1":"GB","name":"United Kingdom"}],"release_date":"2005-02-01","revenue":0,"runtime":81,"spoken_languages":[{"iso_639_1":"de","name":"Deutsch"},{"iso_639_1":"en","name":"English"}],"status":"Released","tagline":"A summer to die for.","title":"Wish You Were Here","video":false,"vote_average":4.0,"vote_count":4}