{"adult":false,"backdrop_path":null,"belongs_to_collection":null,"budget":0,"genres":[{"id":10402,"name":"Music"}],"homepage":"","id":720098,"imdb_id":null,"original_language":"de","original_title":"Georg Danzer Sonne, Mond & Sterne","overview":"","popularity":0.6,"poster_path":"/lbApREfwTqJP8Eb493GRzlmD6Rv.jpg","production_companies":[],"production_countries":[],"release_date":"2003-01-01","revenue":0,"runtime":0,"spoken_languages":[],"status":"Released","tagline":"","title":"Georg Danzer Sonne, Mond & Sterne","video":false,"vote_average":0.0,"vote_count":0}