{"adult":false,"backdrop_path":"/qtWjZgCmslPwjP4DFUcLBUj13GV.jpg","belongs_to_collection":{"id":656,"name":"Saw Collection","poster_path":"/xmC2A7qPEfiOkQC58fZh8srWQ5v.jpg","backdrop_path":"/oLfS1lOmN2KIU2IQ200SDEPVEZe.jpg"},"budget":1200000,"genres":[{"id":27,"name":"Horror"},{"id":9648,"name":"Mystery"},{"id":80,"name":"Crime"}],"homepage":"","id":176,"imdb_id":"tt0387564","original_language":"en","original_title":"Saw","overview":"Obsessed with teaching his victims the value of life, a deranged, sadistic serial killer abducts the morally wayward. Once captured, they must face impossible choices in a horrific game of survival. The victims must fight to win their lives back, or die trying...","popularity":22.921,"poster_path":"/pparEGTCxcTiImyVFoKD0LX11N8.jpg","production_companies":[{"id":2061,"logo_path":"/o9LbN33hRaj4qcebUv1bikyXeoB.png","name":"Twisted Pictures","origin_country":"US"},{"id":23019,"logo_path":null,"name":"Evolution Entertainment","origin_country":""},{"id":55405,"logo_path":null,"name":"Saw Productions Inc.","origin_country":""},{"id":1632,"logo_path":"/cisLn1YAUuptXVBa0xjq7ST9cH0.png","name":"Lionsgate","origin_country":"US"}],"production_countries":[{"iso_3166_1":"US","name":"United States of America"}],"release_date":"2004-10-01","revenue":103911669,"runtime":103,"spoken_languages":[{"iso_639_1":"en","name":"English"}],"status":"Released","tagline":"Live or die. Make your choice.","title":"Saw","video":false,"vote_average":7.4,"vote_count":5822}