{"adult":false,"backdrop_path":null,"belongs_to_collection":null,"budget":0,"genres":[{"id":35,"name":"Comedy"},{"id":27,"name":"Horror"}],"homepage":null,"id":2138,"imdb_id":"tt0298754","original_language":"en","original_title":"Berlin Snuff","overview":"No overview found.","popularity":1.161,"poster_path":"/uq1Fo6HvGiHOL8C3ZjOzKljSZxO.jpg","production_companies":[],"production_countries":[{"iso_3166_1":"DE","name":"Germany"}],"release_date":"1995-01-01","revenue":0,"runtime":33,"spoken_languages":[{"iso_639_1":"de","name":"Deutsch"}],"status":"Released","tagline":"","title":"Berlin Snuff","video":false,"vote_average":5.0,"vote_count":2}