{"adult":false,"backdrop_path":null,"belongs_to_collection":null,"budget":0,"genres":[{"id":10402,"name":"Music"}],"homepage":"","id":721723,"imdb_id":null,"original_language":"en","original_title":"Duran Duran: Live Music Hall Cologne","overview":"Duran Duran at Rocklife, Live Music Hall, Cologne, Germany.","popularity":0.6,"poster_path":null,"production_companies":[{"id":10946,"logo_path":"/gk4SFkJ3G49gGL308zymD8QGNw.png","name":"WDR/Arte","origin_country":"DE"}],"production_countries":[{"iso_3166_1":"DE","name":"Germany"}],"release_date":"1993-06-16","revenue":0,"runtime":0,"spoken_languages":[],"status":"Released","tagline":"","title":"Duran Duran: Live Music Hall Cologne","video":false,"vote_average":0.0,"vote_count":0}