{"adult":false,"backdrop_path":"/kaAY3qd2aiwls8ezlERqAp3Jx5L.jpg","belongs_to_collection":null,"budget":3000000,"genres":[{"id":10752,"name":"War"},{"id":18,"name":"Drama"},{"id":36,"name":"History"}],"homepage":"","id":2587,"imdb_id":"tt0069824","original_language":"it","original_title":"Fratello sole, sorella luna","overview":"This is a dramatization of events in the life of St. Francis of Assisi from before his conversion experience through his audience with the pope, including his friendship with St. Clare.","popularity":5.168,"poster_path":"/yBICKtSCcfwyh6HJi8rVQqM2Lru.jpg","production_companies":[{"id":8930,"logo_path":null,"name":"Euro International Film","origin_country":"IT"},{"id":11707,"logo_path":null,"name":"Vic Films Productions","origin_country":""}],"production_countries":[{"iso_3166_1":"IT","name":"Italy"},{"iso_3166_1":"GB","name":"United Kingdom"}],"release_date":"1972-03-03","revenue":0,"runtime":135,"spoken_languages":[{"iso_639_1":"en","name":"English"}],"status":"Released","tagline":"","title":"Brother Sun, Sister Moon","video":false,"vote_average":6.6,"vote_count":62}