{"adult":false,"backdrop_path":"/13zoJs9NYW3mtqncZUOucUIVs7r.jpg","belongs_to_collection":{"id":115570,"name":"Star Trek: The Next Generation Collection","poster_path":"/sddV6vaUC6x37icJS3opIXTXB07.jpg","backdrop_path":"/r7MMQenUURHhAVHFymtOb8AX4Bm.jpg"},"budget":46000000,"genres":[{"id":878,"name":"Science Fiction"},{"id":28,"name":"Action"},{"id":12,"name":"Adventure"},{"id":53,"name":"Thriller"}],"homepage":"http://www.startrek.com/startrek/view/series/MOV/008/index.html","id":199,"imdb_id":"tt0117731","original_language":"en","original_title":"Star Trek: First Contact","overview":"The Borg, a relentless race of cyborgs, are on a direct course for Earth. Violating orders to stay away from the battle, Captain Picard and the crew of the newly-commissioned USS Enterprise E pursue the Borg back in time to prevent the invaders from changing Federation history and assimilating the galaxy.","popularity":24.047,"poster_path":"/vrC1lkTktFQ4AqBfqf4PXoDDLcw.jpg","production_companies":[{"id":4,"logo_path":"/fycMZt242LVjagMByZOLUGbCvv3.png","name":"Paramount","origin_country":"US"}],"production_countries":[{"iso_3166_1":"US","name":"United States of America"}],"release_date":"1996-11-22","revenue":150000000,"runtime":111,"spoken_languages":[{"iso_639_1":"en","name":"English"}],"status":"Released","tagline":"Resistance is futile.","title":"Star Trek: First Contact","video":false,"vote_average":7.2,"vote_count":1101}