{"adult":false,"backdrop_path":null,"belongs_to_collection":null,"budget":0,"genres":[{"id":18,"name":"Drama"}],"homepage":"","id":719463,"imdb_id":"tt11610804","original_language":"fr","original_title":"La Beauté du geste","overview":"","popularity":0.6,"poster_path":null,"production_companies":[{"id":17311,"logo_path":"/saew2RWH6qetZyd0AfVoTxUZCRt.png","name":"Les Films du 24","origin_country":"FR"},{"id":129276,"logo_path":null,"name":"Les Productions du Renard","origin_country":"FR"}],"production_countries":[{"iso_3166_1":"FR","name":"France"}],"release_date":"2021-01-14","revenue":0,"runtime":0,"spoken_languages":[{"iso_639_1":"fr","name":"Français"}],"status":"Post Production","tagline":"","title":"La Beauté du geste","video":false,"vote_average":0.0,"vote_count":0}