{"adult":false,"backdrop_path":"/s1fDAwf6a3TxewcKJgj16pcegzZ.jpg","belongs_to_collection":{"id":51509,"name":"Meet the Parents Collection","poster_path":"/WFkinadVm4NRynRKuUcaLFNIDx.jpg","backdrop_path":"/7UWRq79VHc58QXTSn57UsOUKQLZ.jpg"},"budget":55000000,"genres":[{"id":35,"name":"Comedy"},{"id":10749,"name":"Romance"}],"homepage":"","id":1597,"imdb_id":"tt0212338","original_language":"en","original_title":"Meet the Parents","overview":"Greg Focker is ready to marry his girlfriend, Pam, but before he pops the question, he must win over her formidable father, humorless former CIA agent Jack Byrnes, at the wedding of Pam's sister. As Greg bends over backward to make a good impression, his visit to the Byrnes home turns into a hilarious series of disasters, and everything that can go wrong does, all under Jack's critical, hawklike gaze.","popularity":14.849,"poster_path":"/jX9D6uVaYFZIwFMfD3pEPp4Lu6u.jpg","production_companies":[{"id":11391,"logo_path":null,"name":"Tribeca Productions","origin_country":"US"},{"id":33,"logo_path":"/8lvHyhjr8oUKOOy2dKXoALWKdp0.png","name":"Universal Pictures","origin_country":"US"},{"id":41248,"logo_path":null,"name":"Nancy Tenenbaum Films","origin_country":""},{"id":7,"logo_path":"/vru2SssLX3FPhnKZGtYw00pVIS9.png","name":"DreamWorks Pictures","origin_country":"US"}],"production_countries":[{"iso_3166_1":"US","name":"United States of America"}],"release_date":"2000-10-06","revenue":330444045,"runtime":108,"spoken_languages":[{"iso_639_1":"en","name":"English"}],"status":"Released","tagline":"First comes love. Then comes the interrogation.","title":"Meet the Parents","video":false,"vote_average":6.6,"vote_count":4016}