{"adult":false,"backdrop_path":null,"belongs_to_collection":{"id":475520,"name":"The Yes Men Collection","poster_path":null,"backdrop_path":null},"budget":0,"genres":[{"id":35,"name":"Comedy"},{"id":99,"name":"Documentary"}],"homepage":"http://www.theyesmen.org/","id":3396,"imdb_id":"tt0379593","original_language":"en","original_title":"The Yes Men","overview":"A comic, biting and revelatory documentary following a small group of prankster activists as they gain worldwide notoriety for impersonating the World Trade Organization (WTO) on television and at business conferences around the world.","popularity":8.312,"poster_path":"/lbwXEMe4fz6hj3ySwgstRJx38Wz.jpg","production_companies":[],"production_countries":[{"iso_3166_1":"US","name":"United States of America"}],"release_date":"2003-09-07","revenue":0,"runtime":80,"spoken_languages":[{"iso_639_1":"en","name":"English"}],"status":"Released","tagline":"Changing the world one prank at a time.","title":"The Yes Men","video":false,"vote_average":7.0,"vote_count":55}