{"adult":false,"backdrop_path":null,"belongs_to_collection":null,"budget":6,"genres":[],"homepage":"","id":721236,"imdb_id":null,"original_language":"en","original_title":"Hole","overview":"Mo, an adult with Autism Spectrum Disorder, spends a lot of time in their brain. Today, a hole started following them.","popularity":0.6,"poster_path":null,"production_companies":[],"production_countries":[],"release_date":"","revenue":0,"runtime":0,"spoken_languages":[],"status":"Released","tagline":"","title":"Hole","video":false,"vote_average":0.0,"vote_count":0}