{"adult":false,"backdrop_path":"/oBDXHLuNNbLouDrO2QZzaurtkXG.jpg","belongs_to_collection":{"id":3169,"name":"Dr. Dolittle Collection","poster_path":"/yGF6vv7ekbkf9C3FRjrGIrkyyhc.jpg","backdrop_path":"/dtz0ju3dikZaiSJ9HmVoMs9imT8.jpg"},"budget":71000000,"genres":[{"id":35,"name":"Comedy"},{"id":10751,"name":"Family"},{"id":14,"name":"Fantasy"}],"homepage":"","id":3050,"imdb_id":"tt0118998","original_language":"en","original_title":"Doctor Dolittle","overview":"A successful physician and devoted family man, John Dolittle seems to have the world by the tail, until a long suppressed talent he possessed as a child, the ability to communicate with animals is suddenly reawakened with a vengeance! Now every creature within squawking distance wants the good doctor's advice, unleashing an outrageous chain of events that turns his world upside down!","popularity":12.768,"poster_path":"/oz3kqqSTGyIz7osE1ietzr47Hks.jpg","production_companies":[{"id":1301,"logo_path":null,"name":"Joseph M. Singer Entertainment","origin_country":""},{"id":1302,"logo_path":"/kQZtJdyphCmq292iGDqlUx0yk2D.png","name":"Davis Entertainment","origin_country":"US"},{"id":25,"logo_path":"/qZCc1lty5FzX30aOCVRBLzaVmcp.png","name":"20th Century Fox","origin_country":"US"}],"production_countries":[{"iso_3166_1":"US","name":"United States of America"}],"release_date":"1998-06-22","revenue":294456605,"runtime":85,"spoken_languages":[{"iso_639_1":"en","name":"English"}],"status":"Released","tagline":"He doesn't just talk to the animals!","title":"Doctor Dolittle","video":false,"vote_average":5.6,"vote_count":2067}