{"adult":false,"backdrop_path":null,"belongs_to_collection":null,"budget":0,"genres":[{"id":99,"name":"Documentary"}],"homepage":"https://www.nfb.ca/film/dans_nos_forets/","id":719526,"imdb_id":"tt0269130","original_language":"fr","original_title":"Dans nos forêts","overview":"","popularity":0.6,"poster_path":null,"production_companies":[{"id":10473,"logo_path":"/lMUDQZVtg8On4PAW5XFQPaQy6UK.png","name":"ONF | NFB","origin_country":"CA"}],"production_countries":[{"iso_3166_1":"CA","name":"Canada"}],"release_date":"1972-02-20","revenue":0,"runtime":89,"spoken_languages":[],"status":"Released","tagline":"","title":"Dans nos forêts","video":false,"vote_average":0.0,"vote_count":0}