{"adult":false,"backdrop_path":"/avrmuQwNHnfSJQXqIrFtbzhnsPG.jpg","belongs_to_collection":null,"budget":44000000,"genres":[{"id":28,"name":"Action"},{"id":878,"name":"Science Fiction"},{"id":10752,"name":"War"}],"homepage":"","id":5491,"imdb_id":"tt0185183","original_language":"en","original_title":"Battlefield Earth","overview":"In the year 3000, man is no match for the Psychlos, a greedy, manipulative race of aliens on a quest for ultimate profit. Led by the powerful Terl, the Psychlos are stripping Earth clean of its natural resources, using the broken remnants of humanity as slaves. What is left of the human race has descended into a near primitive state. After being captured, it is up to Tyler to save mankind.","popularity":12.253,"poster_path":"/wXCRuBHdJ5aTFQdsuGJFXNdo79T.jpg","production_companies":[{"id":10210,"logo_path":null,"name":"Morgan Creek Productions","origin_country":"US"},{"id":1403,"logo_path":null,"name":"Franchise Pictures","origin_country":"US"},{"id":7406,"logo_path":null,"name":"JTP Films","origin_country":"US"},{"id":19718,"logo_path":null,"name":"Battlefield Productions","origin_country":""},{"id":174,"logo_path":"/IuAlhI9eVC9Z8UQWOIDdWRKSEJ.png","name":"Warner Bros. Pictures","origin_country":"US"}],"production_countries":[{"iso_3166_1":"US","name":"United States of America"}],"release_date":"2000-05-10","revenue":21400000,"runtime":118,"spoken_languages":[{"iso_639_1":"fr","name":"Français"},{"iso_639_1":"en","name":"English"}],"status":"Released","tagline":"Take Back The Planet","title":"Battlefield Earth","video":false,"vote_average":2.9,"vote_count":477}