{"adult":false,"backdrop_path":"/vcPzl1VweQgYwFP7v8Lgx0qHjQ.jpg","belongs_to_collection":null,"budget":0,"genres":[{"id":18,"name":"Drama"}],"homepage":"","id":4453,"imdb_id":"tt0043835","original_language":"de","original_title":"Nachts auf den Straßen","overview":"An aging truck driver finds smuggled money and becomes involved with a hijacking crowd.","popularity":1.476,"poster_path":null,"production_companies":[{"id":1696,"logo_path":null,"name":"Intercontinental Film GmbH","origin_country":""}],"production_countries":[{"iso_3166_1":"DE","name":"Germany"}],"release_date":"1952-01-14","revenue":0,"runtime":111,"spoken_languages":[{"iso_639_1":"de","name":"Deutsch"}],"status":"Released","tagline":"","title":"The Mistress","video":false,"vote_average":7.0,"vote_count":2}