{"adult":false,"backdrop_path":"/xQzDpV5edHLmCM3n15pcatHynOd.jpg","belongs_to_collection":{"id":374509,"name":"Godzilla (Showa) Collection","poster_path":"/scvwS6k8gIW8w24UcmePQqVL10l.jpg","backdrop_path":"/dx9YSup5zEOjxYwG4UkYBVAZIXo.jpg"},"budget":0,"genres":[{"id":878,"name":"Science Fiction"},{"id":28,"name":"Action"},{"id":14,"name":"Fantasy"}],"homepage":"","id":3115,"imdb_id":"tt0060464","original_language":"ja","original_title":"ゴジラ・エビラ・モスラ　南海の大決闘","overview":"After being caught in a storm in the south seas, several teenagers and thief arrive on an island where natives have been enslaved by a terrorist organization.  They also discover a sleeping Godzilla and decide to wake him up to aid in their plan to free the natives.","popularity":6.103,"poster_path":"/nX7M2bMjTr74vPzc2oDbZkC7hRH.jpg","production_companies":[{"id":882,"logo_path":"/fRSWWjquvzcHjACbtF53utZFIll.png","name":"Toho Company, Ltd.","origin_country":"JP"}],"production_countries":[{"iso_3166_1":"JP","name":"Japan"}],"release_date":"1966-12-17","revenue":3000000,"runtime":87,"spoken_languages":[{"iso_639_1":"ja","name":"日本語"}],"status":"Released","tagline":"Atrocious new monster Ebirah!","title":"Ebirah, Horror of the Deep","video":false,"vote_average":6.2,"vote_count":79}