{"adult":false,"backdrop_path":"/ksBwllaWg4zjCEdMwgI6j5WC3gF.jpg","belongs_to_collection":null,"budget":0,"genres":[{"id":80,"name":"Crime"},{"id":18,"name":"Drama"},{"id":10749,"name":"Romance"}],"homepage":"","id":1651,"imdb_id":"tt0064990","original_language":"fr","original_title":"La sirène du Mississipi","overview":"Adapted from a story by William Irish, it's a noirish tale of a man who orders a mail-order bride but receives instead a con woman.","popularity":7.501,"poster_path":"/yk4Lu5t9PZhp9YDsay1RsjrhvfB.jpg","production_companies":[{"id":34403,"logo_path":null,"name":"Produzioni Associate Delphos","origin_country":""},{"id":53,"logo_path":"/3cWJikm9MdWCMKdatuk8gDTa5xy.png","name":"Les Films du Carrosse","origin_country":"FR"},{"id":64,"logo_path":null,"name":"Les Productions Artistes Associés","origin_country":""}],"production_countries":[{"iso_3166_1":"FR","name":"France"},{"iso_3166_1":"IT","name":"Italy"}],"release_date":"1969-06-18","revenue":0,"runtime":123,"spoken_languages":[{"iso_639_1":"fr","name":"Français"}],"status":"Released","tagline":"The bride came as advertised... with an unadvertised special","title":"Mississippi Mermaid","video":false,"vote_average":6.7,"vote_count":101}