{"adult":false,"backdrop_path":"/deQbWmTY96SkRiCG6SsCe2w9C3g.jpg","belongs_to_collection":null,"budget":0,"genres":[{"id":10749,"name":"Romance"},{"id":18,"name":"Drama"},{"id":12,"name":"Adventure"},{"id":53,"name":"Thriller"}],"homepage":"","id":875,"imdb_id":"tt0023458","original_language":"en","original_title":"Shanghai Express","overview":"A beautiful temptress re-kindles an old romance while trying to escape her past during a tension-packed train journey.","popularity":7.119,"poster_path":"/a7RorsrpQvQxVSzzyJiFT06NH6S.jpg","production_companies":[{"id":4,"logo_path":"/fycMZt242LVjagMByZOLUGbCvv3.png","name":"Paramount","origin_country":"US"}],"production_countries":[{"iso_3166_1":"US","name":"United States of America"}],"release_date":"1932-02-03","revenue":0,"runtime":82,"spoken_languages":[{"iso_639_1":"cn","name":"广州话 / 廣州話"},{"iso_639_1":"en","name":"English"}],"status":"Released","tagline":"Many Men Had Loved Her -- but only one had been loved in return !","title":"Shanghai Express","video":false,"vote_average":6.9,"vote_count":92}