{"adult":false,"backdrop_path":"/wpjePW13wrMlsZyCetmWP23V1cP.jpg","belongs_to_collection":null,"budget":20000000,"genres":[{"id":12,"name":"Adventure"},{"id":14,"name":"Fantasy"}],"homepage":"","id":526,"imdb_id":"tt0089457","original_language":"en","original_title":"Ladyhawke","overview":"Captain Etienne Navarre is a man on whose shoulders lies a cruel curse. Punished for loving each other, Navarre must become a wolf by night whilst his lover, Lady Isabeau, takes the form of a hawk by day. Together, with the thief Philippe Gaston, they must try to overthrow the corrupt Bishop and in doing so break the spell.","popularity":9.623,"poster_path":"/vJA2Fhw2uBMiVFdBde2kH7kZ2gw.jpg","production_companies":[{"id":25,"logo_path":"/qZCc1lty5FzX30aOCVRBLzaVmcp.png","name":"20th Century Fox","origin_country":"US"},{"id":174,"logo_path":"/IuAlhI9eVC9Z8UQWOIDdWRKSEJ.png","name":"Warner Bros. Pictures","origin_country":"US"}],"production_countries":[{"iso_3166_1":"US","name":"United States of America"}],"release_date":"1985-03-27","revenue":18432000,"runtime":121,"spoken_languages":[{"iso_639_1":"en","name":"English"}],"status":"Released","tagline":"No force in Heaven will release them. No power on Earth can save them.","title":"Ladyhawke","video":false,"vote_average":7.0,"vote_count":711}