{"adult":false,"backdrop_path":null,"belongs_to_collection":null,"budget":0,"genres":[{"id":35,"name":"Comedy"},{"id":18,"name":"Drama"}],"homepage":"","id":4146,"imdb_id":"tt0071974","original_language":"fr","original_title":"Pas si méchant que ça","overview":"No overview found.","popularity":2.456,"poster_path":null,"production_companies":[{"id":1529,"logo_path":null,"name":"Artco Films","origin_country":""},{"id":1530,"logo_path":null,"name":"Citel Films","origin_country":""}],"production_countries":[{"iso_3166_1":"CH","name":"Switzerland"},{"iso_3166_1":"FR","name":"France"}],"release_date":"1974-01-01","revenue":0,"runtime":90,"spoken_languages":[{"iso_639_1":"fr","name":"Français"}],"status":"Released","tagline":"","title":"The Wonderful Crook","video":false,"vote_average":6.1,"vote_count":5}