{"adult":false,"backdrop_path":null,"belongs_to_collection":null,"budget":0,"genres":[{"id":18,"name":"Drama"}],"homepage":"http://www.ingolinosuperstars.com","id":3400,"imdb_id":"tt0950695","original_language":"de","original_title":"Heißes Blut oder Vivienne del Vargos' letzter Vorhang","overview":"No overview found.","popularity":0.6,"poster_path":null,"production_companies":[],"production_countries":[{"iso_3166_1":"DE","name":"Germany"}],"release_date":"2006-02-06","revenue":0,"runtime":60,"spoken_languages":[{"iso_639_1":"de","name":"Deutsch"}],"status":"Released","tagline":"","title":"Heißes Blut oder Vivienne del Vargos' letzter Vorhang","video":false,"vote_average":0.0,"vote_count":0}