{"adult":false,"backdrop_path":null,"belongs_to_collection":null,"budget":0,"genres":[],"homepage":"","id":720831,"imdb_id":null,"original_language":"en","original_title":"Butterfly","overview":"A man finds his reality breaking down as he investigates a mysterious building project... A sequel to Mackenzie Sheppard's previous film \"Moth\".","popularity":0.6,"poster_path":"/tbnnZ3TaEi0F3hVXhLqTqDwku3m.jpg","production_companies":[],"production_countries":[],"release_date":"","revenue":0,"runtime":0,"spoken_languages":[],"status":"Released","tagline":"","title":"Butterfly","video":false,"vote_average":0.0,"vote_count":0}