{"adult":false,"backdrop_path":"/vscsDExaKK0oKqrYBze9Tm2oitf.jpg","belongs_to_collection":{"id":261382,"name":"Clint Eastwood's Iwo Jima Collection","poster_path":"/rnRE6JGz9yjYUAbWIHYkGu9B8pj.jpg","backdrop_path":"/dIYpFavJ8vNCv9pefEabsUL1pDP.jpg"},"budget":90000000,"genres":[{"id":10752,"name":"War"},{"id":18,"name":"Drama"},{"id":36,"name":"History"}],"homepage":"","id":3683,"imdb_id":"tt0418689","original_language":"en","original_title":"Flags of Our Fathers","overview":"There were five Marines and one Navy Corpsman photographed raising the U.S. flag on Mt. Suribachi by Joe Rosenthal on February 23, 1945. This is the story of three of the six surviving servicemen - John 'Doc' Bradley, Pvt. Rene Gagnon and Pvt. Ira Hayes - who fought in the battle to take Iwo Jima from the Japanese.","popularity":11.414,"poster_path":"/Rzaz2GSBJMnT9aYqzs715XoC4N.jpg","production_companies":[{"id":7,"logo_path":"/vru2SssLX3FPhnKZGtYw00pVIS9.png","name":"DreamWorks Pictures","origin_country":"US"},{"id":174,"logo_path":"/IuAlhI9eVC9Z8UQWOIDdWRKSEJ.png","name":"Warner Bros. Pictures","origin_country":"US"},{"id":56,"logo_path":"/cEaxANEisCqeEoRvODv2dO1I0iI.png","name":"Amblin Entertainment","origin_country":"US"},{"id":171,"logo_path":null,"name":"Malpaso Productions","origin_country":"US"}],"production_countries":[{"iso_3166_1":"US","name":"United States of America"}],"release_date":"2006-10-18","revenue":65900249,"runtime":135,"spoken_languages":[{"iso_639_1":"en","name":"English"}],"status":"Released","tagline":"They fight for their country but they die for their friends.","title":"Flags of Our Fathers","video":false,"vote_average":6.8,"vote_count":1129}