{"adult":false,"backdrop_path":null,"belongs_to_collection":null,"budget":0,"genres":[{"id":18,"name":"Drama"},{"id":36,"name":"History"},{"id":10749,"name":"Romance"}],"homepage":"","id":2211,"imdb_id":"tt0130444","original_language":"de","original_title":"Aimee & Jaguar","overview":"In 1943, while the Allies are bombing Berlin and the Gestapo is purging the capital of Jews, a dangerous love affair blossoms between two women - one a Jewish member of the underground, the other an exemplar of Nazi motherhood.","popularity":5.163,"poster_path":"/qxYtEluLXcqZbHDbM2eH5pMD8hx.jpg","production_companies":[{"id":191,"logo_path":"/d5tPJd8jGLtJC5cp9NG0HeoTyoe.png","name":"Senator Film","origin_country":"DE"}],"production_countries":[{"iso_3166_1":"DE","name":"Germany"}],"release_date":"1999-02-10","revenue":0,"runtime":125,"spoken_languages":[{"iso_639_1":"de","name":"Deutsch"}],"status":"Released","tagline":"Bound By Desire. Torn Apart By War.","title":"Aimee & Jaguar","video":false,"vote_average":6.9,"vote_count":50}