{"adult":false,"backdrop_path":null,"belongs_to_collection":null,"budget":0,"genres":[{"id":35,"name":"Comedy"}],"homepage":null,"id":5868,"imdb_id":"tt0777219","original_language":"en","original_title":"Der Geist von St. Pauli","overview":"No overview found.","popularity":1.182,"poster_path":null,"production_companies":[{"id":2398,"logo_path":null,"name":"Hamburg Media School-Filmwerkstatt","origin_country":""}],"production_countries":[{"iso_3166_1":"DE","name":"Germany"}],"release_date":"2005-01-01","revenue":0,"runtime":8,"spoken_languages":[{"iso_639_1":"de","name":"Deutsch"}],"status":"Released","tagline":"","title":"Der Geist von St. Pauli","video":false,"vote_average":0.0,"vote_count":0}