{"adult":false,"backdrop_path":null,"belongs_to_collection":null,"budget":0,"genres":[{"id":35,"name":"Comedy"}],"homepage":"http://www.monmeilleurami-lefilm.com/","id":4516,"imdb_id":"tt0778784","original_language":"fr","original_title":"Mon Meilleur Ami","overview":"Catherine refuses to believe that her business partner, the unlikeable François, has a best friend, so she challenges him to set up an introduction. Scrambling to find someone willing to pose as his best pal, François enlists the services of a charming taxi driver to play the part.","popularity":4.866,"poster_path":"/98ASqRx2rbmyhH51MBhkzQIiNgf.jpg","production_companies":[{"id":147,"logo_path":null,"name":"Fidélité Productions","origin_country":""},{"id":856,"logo_path":"/3tfzS2CrX6Ntbu927XzHXEPDA6y.png","name":"Wild Bunch","origin_country":"FR"},{"id":779,"logo_path":"/KFFOFoztyjV5epvnW5GerPbcvx.png","name":"Lucky Red","origin_country":"IT"},{"id":356,"logo_path":"/9tW5wZEGotn1Ei5pErA88m47XiD.png","name":"TF1 Films Production","origin_country":"FR"}],"production_countries":[{"iso_3166_1":"FR","name":"France"}],"release_date":"2006-08-20","revenue":0,"runtime":90,"spoken_languages":[{"iso_639_1":"fr","name":"Français"}],"status":"Released","tagline":"It takes a lifetime to learn the meaning of friendship... François has 10 days.","title":"My Best Friend","video":false,"vote_average":6.2,"vote_count":139}