{"adult":false,"backdrop_path":"/mKDFcIkvvCmwKIwlO1J3EmvbQM9.jpg","belongs_to_collection":null,"budget":0,"genres":[{"id":18,"name":"Drama"},{"id":10749,"name":"Romance"}],"homepage":"","id":930,"imdb_id":"tt0034815","original_language":"de","original_title":"Die große Liebe","overview":"The attractive Oberleutnant Paul Wendlandt is stationed in North Africa as a fighter pilot. While in Berlin to deliver a report he is given a day's leave, and on the stage of the cabaret theatre \"Skala\" sees the popular Danish singer Hanna Holberg. For Paul it is love at first sight. When Hanna visits friends after the end of the performance, he follows her, and speaks to her in the U-Bahn. After the party in her friends' flat, he accompanies her home and chance throws them further together when an air raid warning forces them to take cover in the air raid shelter. Hanna reciprocates Paul's feelings, but after a night spent together Paul has to return immediately to the front. There now follows a whole series of misunderstandings, and one missed opportunity after another. While Hanna waits in vain for some sign of life from Paul, he is flying on missions in North Africa. When he tries to visit her in her Berlin flat, she is giving a Christmas concert in Paris.","popularity":1.96,"poster_path":"/yQ9RnfnxnyB3W0CNKG8b38d2T8I.jpg","production_companies":[],"production_countries":[{"iso_3166_1":"DE","name":"Germany"}],"release_date":"1942-06-12","revenue":0,"runtime":100,"spoken_languages":[{"iso_639_1":"de","name":"Deutsch"}],"status":"Released","tagline":"","title":"The Great Love","video":false,"vote_average":7.0,"vote_count":9}