{"adult":false,"backdrop_path":"/v2b7UHs904WkXP5izFXPczTaJ2n.jpg","belongs_to_collection":null,"budget":1500000,"genres":[{"id":18,"name":"Drama"},{"id":878,"name":"Science Fiction"}],"homepage":"","id":1714,"imdb_id":"tt0060390","original_language":"en","original_title":"Fahrenheit 451","overview":"In the future, the government maintains control of public opinion by outlawing literature and maintaining a group of enforcers, known as “firemen,” to perform the necessary book burnings. Fireman Montag begins to question the morality of his vocation…","popularity":9.761,"poster_path":"/k2CTpexoS9MO9lKVFfnzwVdJuM.jpg","production_companies":[{"id":10326,"logo_path":null,"name":"Anglo Enterprises","origin_country":""},{"id":10327,"logo_path":null,"name":"Vineyard Film","origin_country":""}],"production_countries":[{"iso_3166_1":"GB","name":"United Kingdom"}],"release_date":"1966-09-07","revenue":0,"runtime":113,"spoken_languages":[{"iso_639_1":"en","name":"English"}],"status":"Released","tagline":"What if you had no right to read?","title":"Fahrenheit 451","video":false,"vote_average":7.2,"vote_count":525}