{"adult":false,"backdrop_path":null,"belongs_to_collection":null,"budget":0,"genres":[{"id":18,"name":"Drama"}],"homepage":"","id":720562,"imdb_id":"tt10080996","original_language":"gu","original_title":"Gujarat 11","overview":"Gujarat 11 is the story of an ex-football player, Divya, who takes up the challenge of training juvenile home boys for a state-level football tournament.","popularity":1.673,"poster_path":"/8laBD2OfEXt4ajgjipCL91WgWvE.jpg","production_companies":[{"id":136577,"logo_path":null,"name":"J.J. Creations","origin_country":""}],"production_countries":[{"iso_3166_1":"IN","name":"India"}],"release_date":"2019-11-29","revenue":0,"runtime":140,"spoken_languages":[{"iso_639_1":"gu","name":""}],"status":"Released","tagline":"","title":"Gujarat 11","video":false,"vote_average":0.0,"vote_count":0}