{"adult":false,"backdrop_path":null,"belongs_to_collection":null,"budget":0,"genres":[],"homepage":"","id":720427,"imdb_id":null,"original_language":"zh","original_title":"土樓, 我的家","overview":"The film tells a life story of Wang Shulan, who was sold to Tulou by his mother at an early age. As a woman herself, director Dai Yi is deeply moved by the fates of the women she sees living at the lowest rungs of society, and cares deeply about telling their story.","popularity":0.6,"poster_path":null,"production_companies":[],"production_countries":[],"release_date":"1998-01-01","revenue":0,"runtime":52,"spoken_languages":[{"iso_639_1":"zh","name":"普通话"}],"status":"Released","tagline":"","title":"Tulou, My Home","video":false,"vote_average":0.0,"vote_count":0}