{"adult":false,"backdrop_path":null,"belongs_to_collection":null,"budget":0,"genres":[{"id":80,"name":"Crime"}],"homepage":"","id":4900,"imdb_id":"tt0157943","original_language":"en","original_title":"Les loups dans la bergerie","overview":"No overview found.","popularity":1.188,"poster_path":null,"production_companies":[],"production_countries":[{"iso_3166_1":"FR","name":"France"}],"release_date":"1960-02-05","revenue":0,"runtime":90,"spoken_languages":[{"iso_639_1":"fr","name":"Français"}],"status":"Released","tagline":"","title":"Les loups dans la bergerie","video":false,"vote_average":9.0,"vote_count":1}